,MLP_AUC,Logit_AUC
0,0.48283335890747275,0.7613421308372973
