,mean,std
accuracy,0.8146324549237168,0.00031779304403299846
auc,0.4806178392409596,0.004848424229312565
precision_0,,
recall_0,,
precision_1,,
recall_1,,
