mean_accuracy,std_accuracy,mean_auc,std_auc,n_iterations
0.8638620689655173,0.016854133948482446,0.9376428123038294,0.01392784178738696,100
