mean_accuracy,std_accuracy,mean_auc,std_auc,n_iterations
0.8619310344827588,0.018530560932311563,0.925508474576271,0.01761312824159592,100
