mean_accuracy,std_accuracy,mean_auc,std_auc,n_iterations
0.8564137931034483,0.017647088666594795,0.925043942247332,0.018929842808833523,100
