mean_accuracy,std_accuracy,mean_auc,std_auc,n_iterations
0.872896551724138,0.019536970654488384,0.9365693659761457,0.017344162179382203,100
