Test Type,Mean Accuracy,Std Accuracy,Mean AUC,Std AUC
Original,0.8835172413793103,0.017848483716745255,0.945279347143754,0.015138662243023399
Noise,0.8893793103448275,0.01837436046433307,0.9450659133709981,0.01571881098209792
Missing,0.8893793103448278,0.01832251689713774,0.935624607658506,0.02610068413039097
Outliers,0.8815862068965518,0.01845533219867946,0.9434212178279974,0.015639493466031416
